<?xml version="1.0" encoding="UTF-8" standalone="yes"?>
<addon id="repository.mitele" name="repositorio mitele" version="1.0.1" provider-name="Yo Mismo">
    <extension point="xbmc.addon.repository" name="mitele">
        <info>https://raw.githubusercontent.com/miangelcasper/repo/master/Repositorio/addons.xml</info>
        <checksum>https://raw.githubusercontent.com/miangelcasper/repo/master/Repositorio/addons.xml.md5</checksum>
        <datadir zip="true">https://raw.githubusercontent.com/miangelcasper/master/Repositorio/</datadir>
    </extension>
    <extension point="xbmc.addon.metadata">
        <summary>Repositorio de mitele</summary>
        <description></description>
        <disclaimer></disclaimer>
        <platform>all</platform>
    </extension>
</addon>
