<?xml version="1.0" encoding="UTF-8" standalone="yes"?>
<addon id="plugin.video.mitele"
       name="mitele"
       version="0.0.2"
       provider-name="miangelcasper">
  <requires>
    <import addon="xbmc.python" version="2.1.0"/>
    <import addon="script.module.beautifulsoup" version="3.2.1"/>
    <import addon="script.module.simple.downloader" version="0.9.4"/>
    <import addon="script.module.beautifulsoup4" />
    <import addon="script.module.requests" />
    <import addon="script.module.httplib2" />
    <import addon="script.module.liveresolver" version="0.1.24" optional="true"/>
    <import addon="script.module.youtube.dl" optional="true"/>
    <import addon="plugin.video.youtube" optional="true" />
    <import addon="script.module.urlresolver" optional="true"/>
    <import addon="script.module.simplejson" />    
    <import addon="script.module.livestreamer" optional="true"/>
    <import addon="script.module.pyamf" optional="true"/>
  </requires>
  
  <extension point="xbmc.python.pluginsource" library="default.py">
    <provides>video</provides>
  </extension>

      <extension point="xbmc.addon.repository" name="mitele">
        <info>https://raw.githubusercontent.com/miangelcasper/repo/master/Repositorio/addons.xml</info>
        <checksum>https://raw.githubusercontent.com/miangelcasper/repo/master/Repositorio/addons.xml.md5</checksum>
        <datadir zip="true">https://raw.githubusercontent.com/miangelcasper/master/Repositorio/</datadir>
    </extension>
    
  <extension point="xbmc.addon.metadata">
		<summary>Canales de la Television Española, Cine, deportes  y más...</summary>
		<description>
		Complemento de video basado en LiveStreamsPro
		Puedes seguirme en https://mitele.joomla.com
			
		AVISO LEGAL:
					
		Este complemento no aloja ningun contenido mostrado.
		Todo el contenido se encuentra libremente en internet.
		No se acepta ninguna responsabilidad por el uso de este addon.
			
		¡Disfruta!
		</description>
		<platform>all</platform>
  </extension>
</addon>